INSERT INTO alumnos VALUES
    ('100001', 'Ana', 'Torres'),
    ('100002', 'Luis' ,'Gómez'),
    ('100003', 'María', 'López'),
    ('100004', 'Carlos', 'Ruiz'),
    ('100005', 'Laura', 'Méndez'),
    ('100006', 'Pedro', 'Sánchez'),
    ('100007', 'Sofía', 'Díaz'),
    ('100008', 'Jorge', 'Ramírez'),
    ('100009', 'Elena' ,'Castro'),
    ('100010', 'Tomás', 'Ortega');

 INSERT INTO maestros(nombre) VALUES
    ('200001', 'Mtro. Juan',' Pérez', 'ITI'),
    ('200002', 'Mtra. Carmen',' Silva', 'ITI'),
    ('200003', 'Mtro. Diego',' Luna', 'ITI'),
    ('200004', 'Mtra. Rosa',' Márquez', 'ITI'),
    ('200005', 'Mtro. Andrés',' Bello', 'ITI'),
    ('200006', 'Mtra. Julia',' Ríos', 'ITI'),
    ('200007', 'Mtro. Sergio',' Peña', 'ITI'),
    ('200008', 'Mtra. Alicia',' Torres', 'ITI'),
    ('200009', 'Mtro. Iván',' Cordero', 'ITI'),
    ('200010', 'Mtra. Teresa',' León', 'ITI');

                           
INSERT INTO inscripciones VALUES
    ('01', 'Base de datos', '48', '8'),
    ('02', 'Matematicas', '48', '8'),
    ('03', 'Fisica', '48', '8'),
    ('04', 'Ingenieria de Software', '48', '8'),
    ('05', 'Sistemas Operativos', '48', '8'),
    ('06', 'Diseño Base de Datos', '48', '8'),
    ('07', 'SQL', '48', '8'),
    ('08', 'Programacion', '48', '8'),
    ('09', 'Programacion 2', '48', '8'),
    ('10', 'Programacion 3', '48', '8');

 INSERT INTO inscripciones VALUES
    ('01', 'S38A', '01', '200001'),
    ('02', 'S38A', '02', '200002'),
    ('03', 'S38A', '03', '200003'),
    ('04', 'S38E', '04', '200004'),
    ('05', 'S38E', '05', '200005'),
    ('06', 'T41A', '06', '200006'),
    ('07', 'T41A', '07', '200007'),
    ('08', 'T41A', '08', '200008'),
    ('09', 'T48A', '09', '200009'),
    ('10', 'T48A', '10', '200010');              

   INSERT INTO inscripciones VALUES
    ('01', '100001', '01', '20253S'),
    ('02', '100002', '02', '20253S'),
    ('03', '100003', '03', '20253S'),
    ('04', '100004', '04', '20253S'),
    ('05', '100005', '05', '20253S'),
    ('06', '100006', '06', '20253S'),
    ('07', '100007', '07', '20253S'),
    ('08', '100008', '08', '20253S'),
    ('09', '100009', '09', '20253S'),
    ('10', '100010', '10', '20253S');

    INSERT INTO asistencia VALUES
    ('01', '100001', '0', '2025-09-01 08:00:00'),
    ('02', '100002', '0', '2025-09-01 08:00:00'),
    ('03', '100003', '0', '2025-09-01 10:00:00'),
    ('04', '100004', '0', '2025-09-01 10:00:00'),
    ('05', '100005', '0', '2025-09-01 12:00:00'),
    ('06', '100006', '0', '2025-09-01 12:00:00'),
    ('07', '100007', '0', '2025-09-01 14:00:00'),
    ('08', '100008', '0', '2025-09-01 14:00:00'),
    ('09', '100009', '0', '2025-09-01 16:00:00'),
    ('10', '100010', '0', '2025-09-01 16:00:00');
