INSERT INTO carrera values ('ITI','INGENIERIA EN TECNOLOGIAS DE LA INFORMACION'),
('LAG','LICENCIATURA EN ADMINISTRACION Y GESTION'),
('ISTI','INGENIERIA EN SISTEMAS Y TECNOLOGIAS INDUSTRIALES'),
('ITMA','INGENIERIA EN TECNOLOGIAS DE MANUFACTURA'),
('LMI','LICENCIATURA EN MERCADOTECNIA INTERNACIONAL '),
('ITEM','INGENIERIA EN TELEMATICA');

INSERT INTO estudiante values ('0182934','BRYAN YARETH','GAMEZ CONTRERAS','ITI','182934@UPSLP.EDU.MX'),
('0182451','FERNANDA DANIELA','GARCIA CAMACHO','ITI','182451@UPSLP.EDU.MX'),
('0179761','CORAL JAZMIN','DOMINGUEZ GARCIA','ITI','179761@UPSLP.EDU.MX'),
('0182709','EMMANUEL','CHAVEZ ZAMARRIPA','ISTI','182709@UPSLP.EDU.MX'),
('0182447','AARON EMANUEL','GONZALEZ DIAZ','ITI','182447@UPSLP.EDU.MX'),
('0182245','MILDRED GUADALUPE','SANCHEZ GARCIA','ITI','182245@UPSLP.EDU.MX'),
('0181679','BRYAN','RAMIREZ GARCIA','ITI','181679@UPSLP.EDU.MX'),
('0181764','MARICARMEN','LARA LOPEZ','ITI','181764@UPSLP.EDU.MX'),
('0181619','MONICA','HERNANDEZ QUIROZ','ITI','181619@UPSLP.EDU.MX'),
('0182463','JAZMIN VANESA','ROJAS FLORES','ITI','182463@UPSLP.EDU.MX');

INSERT INTO profesor values (1,'JESUS ALBERTO REVILLA','JESUS.REVILLA@UPSLP.EDU.MX'),
(2,'LILIANA GAMEZ','LILIANA.GAMEZ@UPSLP.EDU.MX'),
(3,'MARIA DE GUADALUPE ISLAS','MARIA.ISLAS@UPSLP.EDU.MX'),
(4,'GUADALUPE LEDESMA','GUADALUPE.LEDESMA@UPSLP.EDU.MX'),
(5,'VICTOR BANDA','VICTOR.BANDA@UPSLP.EDU.MX'),
(6,'RAFAEL LLAMAS','RAFAEL.LLAMAS@UPSLP.EDU.MX'),
(7,'BALTAZAR MARTINEZ','BALTAZAR.MARTINEZ@UPSLP.EDU.MX'),
(8,'VICTOR FERNANDEZ','VICTOR.FERNANDEZ@UPSLP.EDU.MX'),
(9,'ROXANA HERRERA','ROXANA.HERRERA@UPSLP.EDU.MX'),
(10,'VICTOR RIVERA','VICTOR.RIVERA@UPSLP.EDU.MX');

INSERT INTO materia values (1,'BASE DE DATOS',7),
(2,'PROGRAMACION I',2),
(3,'FISICA II',3),
(4,'PROGRAMACION II',3),
(5,'PROGRAMACION III',4),
(6,'SISTEMAS DIGITALES',5),
(7,'MATEMATICAS I',2),
(8,'INGLES V',5),
(9,'FISICA I',2),
(10,'FISICA II',3);

INSERT INTO grupo values ('S38A',1,1,'ISTI','20251S'),
('S38E',1,3,'ISTI','20243S'),
('T41A',2,3,'ITI','20252S'),
('T48A',1,1,'ITI','20253S'),
('T38A',3,4,'ITI','20253S'),
('T58A',4,2,'ITI','20253S'),
('T28A',6,7,'ITI','20253S'),
('S48A',6,8,'ISTI','20253S'),
('T18A',9,7,'ITI','20253S'),
('S45A',10,5,'ISTI','20253S');

INSERT INTO inscripcion values ('0182934','T48A','20253S'),
('0182451','T48A','20253S'),
('0179761','T48A','20253S'),
('0182245','T41A','20252S'),
('0182934','S48A','20253S'),
('0182934','T41A','20252S'),
('0182245','T38A','20253S'),
('0181619','T41A','20252S'),
('0182934','T18A','20253S'),
('0181619','S45A','20253S');

INSERT INTO asistencia values ('0182934','T48A','20253S','01/09/2025T19:01',true),
('0182934','T48A','20253S','02/09/2025T19:01',false),
('0182934','T48A','20253S','03/09/2025T19:01',true),
('0182451','T48A','20253S','01/09/2025T19:01',true),
('0182451','T48A','20253S','02/09/2025T19:01',false),
('0179761','T48A','20253S','03/09/2025T19:01',true),
('0182934','T18A','20253S','01/09/2025T19:01',true),
('0182934','T18A','20253S','02/09/2025T19:01',true),
('0182934','T18A','20253S','03/09/2025T19:01',false),
('0181619','S45A','20253S','01/09/2025T19:01',true);
